,ID,Name,Downloads,total_DOIs
0,78,Elsevier BV,9527038,14589774
1,297,Springer Nature,5489012,9110555
2,311,Wiley-Blackwell,3173076,7979382
6,301,Informa UK Limited,970160,3702633
4,263,Institute of Electrical and Electronics Engineers (IEEE),2138138,2771965
10,286,Oxford University Press (OUP),312654,1950875
9,1121,JSTOR,358786,1850246
17,276,Ovid Technologies (Wolters Kluwer Health),142698,1726720
8,179,SAGE Publications,404351,1676361
5,316,American Chemical Society (ACS),1871933,1400409
3,339,Springer Nature,2276408,1304883
25,56,Cambridge University Press (CUP),95392,1288109
20,239,BMJ,107874,795761
12,317,AIP Publishing,256775,685439
15,266,IOP Publishing,165514,669489
38,194,Thieme Publishing Group,63786,647719
11,16,American Physical Society (APS),297517,592176
21,374,Walter de Gruyter GmbH,106956,592057
22,10,American Medical Association (AMA),102638,583984
7,292,Royal Society of Chemistry (RSC),927238,480827
27,189,SPIE-Intl Soc Optical Eng,86002,453804
60,200,University of Chicago Press,24651,413586
31,320,Association for Computing Machinery (ACM),80949,358857
24,2457,Trans Tech Publications,96187,357498
40,127,S. Karger AG,56050,340090
32,219,World Scientific Pub Co Pte Lt,73768,319683
16,140,Emerald,149778,313022
250,530,FapUNIFESP (SciELO),866,287560
59,15,American Psychological Association (APA),26318,286664
14,221,American Association for the Advancement of Science (AAAS),206294,269738
83,147,Johns Hopkins University Press,13672,247836
28,1387,American Institute of Aeronautics and Astronautics (AIAA),85851,241554
758,960,Office of Scientific and Technical Information  (OSTI),14,227228
30,285,The Optical Society,82218,224814
906,2000,PERSEE Program,4,218203
424,1963,Organisation for Economic Co-Operation and Development  (OECD),178,214517
48,33,ASME International,38269,211082
29,265,Institution of Engineering and Technology (IET),82632,208669
500,3932,American Library Association,101,205196
108,340,Public Library of Science (PLoS),6428,195049
37,137,Pleiades Publishing Ltd,66769,192476
23,150,New England Journal of Medicine (NEJM/MMS),96364,179886
36,155,Canadian Science Publishing,68446,177942
56,50,Brill Academic Publishers,28774,168123
445,2273,CAIRN,153,165254
118,250,EDP Sciences,5820,164664
394,7822,CrossRef Test Account,251,147812
34,235,American Society for Microbiology,70204,147693
88,231,Acoustical Society of America (ASA),12483,146820
87,98,Hindawi Publishing Corporation,12573,140574
104,861,Society of Petroleum Engineers (SPE),7169,138244
26,278,Mary Ann Liebert Inc,93038,137971
53,329,International Union of Crystallography (IUCr),30064,136889
13,3197,Informa Healthcare,247673,136084
19,30,American Society of Civil Engineers (ASCE),109845,132122
35,341,Proceedings of the National Academy of Sciences,69615,130499
68,408,University of California Press,19422,125948
203,4499,RCN Publishing Ltd.,1467,125694
859,3444,Smithsonian Institution,6,119682
287,3884,Philosophy Documentation Center,668,119108
49,80,The Endocrine Society,32449,109367
140,14,American Mathematical Society (AMS),4119,108723
43,28,American Society for Biochemistry & Molecular Biology (ASBMB),45982,108180
132,288,Portland Press Ltd.,4945,107154
375,8597,The Chemical Society of Japan,312,105420
210,2796,SAE International,1406,104176
44,1086,American Association for Cancer Research (AACR),44878,103205
57,965,Bentham Science Publishers Ltd.,27429,103035
114,73,Duke University Press,6086,92778
97,12,American Meteorological Society,9552,90818
61,2581,Medknow,24494,89832
92,230,American Psychiatric Publishing,11536,88027
677,4194,Consortium Erudit,25,87738
72,67,CSIRO Publishing,17577,85780
41,328,Japan Society of Applied Physics,53816,85116
866,2399,OpenEdition,6,84895
52,175,The Royal Society,30457,79963
78,1968,MDPI AG,15424,78898
139,5130,Mark Allen Group,4136,72831
170,4498,Bohlau Verlag,2564,71590
86,378,Inderscience Publishers,12647,68589
871,2914,Jaypee Brothers Medical Publishing,6,67933
39,77,The Electrochemical Society,59860,67257
520,3145,Copernicus GmbH,87,66450
1109,124,Japan Society of Mechanical Engineers,1,65400
106,1965,Frontiers Media SA,6496,64230
96,416,BioScientifica,10130,60902
71,1577,Radiological Society of North America (RSNA),17793,60730
188,1757,John Benjamins Publishing Company,1943,59900
45,291,Rockefeller University Press,44349,57241
93,345,Microbiology Society,11202,56956
58,24,American Physiological Society,26658,56877
50,351,Society for Industrial & Applied Mathematics (SIAM),30975,56403
117,735,Thomas Telford Ltd.,5932,55498
494,2895,African Journals Online (AJOL),103,55126
195,4285,American College of Physicians,1626,54697
146,170,Royal College of Psychiatrists,3710,53300
67,186,Society of Exploration Geophysicists,19623,51198
42,19,American Thoracic Society,52593,50141
374,2751,"Scientific Research Publishing, Inc,",316,48858
1075,5542,Southern Medical Association,1,48646
80,1316,De Gruyter Open Sp. z o.o.,15179,48211
678,2297,Science Alert,25,46667
627,2516,SciELO Comision Nacional de Investigacion Cientifica Y Tecnologica (CONICYT),36,45692
486,2674,OMICS Publishing Group,112,45369
793,163,Pharmaceutical Society of Japan,10,43795
393,3774,InTech,255,43463
522,844,American Public Health Association,86,43300
18,22,Annual Reviews,112633,43168
66,1167,American Diabetes Association,21633,41238
238,1574,Atlantis Press,1015,41232
63,17,American Scientific Publishers,23539,40588
145,1665,Scientific Societies,3741,40527
110,2249,Spandidos Publications,6273,39985
224,4365,Physical Society of Japan,1171,39736
51,281,MIT Press - Journals,30616,39732
381,2026,China Science Publishing & Media Ltd.,287,39152
85,3,American Association of Physics Teachers (AAPT),12773,38960
144,7597,Brepols Publishers NV,3842,38609
79,20,American Vacuum Society,15376,38520
423,901,American Society of Agronomy,180,38032
33,246,Cold Spring Harbor Laboratory Press,70857,37313
81,257,Geological Society of America,14788,37021
116,224,American Association of Physicists in Medicine (AAPM),6035,35963
47,37,American Society of Plant Biologists (ASPB),38534,35565
191,101,Hogrefe Publishing Group,1872,35242
100,199,Turpion-Moscow Limited,8588,35193
136,45,British Institute of Radiology,4474,34762
256,27,Association for Research in Vision and Ophthalmology (ARVO),826,33780
55,138,Maney Publishing,28967,32456
325,1931,Edinburgh University Press,439,32325
101,1627,Allerton Press,8428,32075
322,232,American Society for Clinical Investigation,463,31947
103,1049,American Roentgen Ray Society,7676,31072
133,1697,Carl Hanser Verlag,4934,31020
62,1747,American Dairy Science Association,24315,30895
391,1078,National Library of Serbia,261,30670
74,1754,Journal of Neurosurgery Publishing Group (JNSPG),15975,30552
76,1881,Geological Society of London,15705,30290
681,613,Begell House,24,29902
64,109,Institute for Operations Research and the Management Sciences (INFORMS),22933,29747
109,3433,The Academy of Management,6337,29340
744,3486,Canadian Center of Science and Education,15,29093
818,5183,American Society of Agricultural and Biological Engineers (ASABE),8,27985
77,2487,The American Association of Immunologists,15520,27944
926,2389,EAGE Publications,4,27247
65,417,American Academy of Pediatrics (AAP),21916,27047
562,2099,Shanghai Institute of Optics and Fine Mechanics,58,26834
567,2165,Liverpool University Press,56,26255
243,895,Dove Medical Press Ltd.,926,26111
570,2373,Departmento de Publicaciones del CSIC,54,26017
273,425,Akademiai Kiado Zrt.,733,26007
131,234,American Society of Hematology,4981,25746
54,1057,Future Medicine Ltd,29423,25641
82,237,The Company of Biologists,14336,25271
576,3908,Academic Journals,53,25044
285,1423,American Society of Animal Science (ASAS),677,24641
590,2432,IGI Global,48,24489
579,3548,Society of Motion Picture and Television Engineers (SMPTE),52,24478
84,859,GeoScienceWorld,13067,24245
204,903,Soil Science Society of America,1465,23610
464,896,Peeters Publishers,136,23480
258,1913,Inter-Research Science Center,813,23380
305,108,Institute of Mathematical Statistics,530,23097
419,1989,Co-Action Publishing,187,23076
363,2308,"SLACK, Inc.",350,22967
343,1960,National Bureau of Economic Research,384,22878
800,3171,Scitepress,10,22627
127,2,American Association of Petroleum Geologists AAPG/Datapages,5352,22375
383,2060,Baishideng Publishing Group Inc.,283,21951
1005,4687,Akademizdatcenter Nauka,2,21628
474,902,Crop Science Society of America,126,21182
1057,866,Japan Society for Analytical Chemistry,1,21179
688,381,ASTM International,23,21074
317,100,Human Kinetics,476,21010
950,1149,Japan Institute of Metals,3,20664
233,1310,American Speech Language Hearing Association,1064,20334
151,111,Institute of Organic Chemistry & Biochemistry,3293,19978
75,393,Society for Neuroscience,15782,19831
249,1696,University of Toronto Press Inc. (UTPress),868,19109
1194,3103,Foundation of Computer Science,1,19091
213,970,Water Environment Federation,1318,18526
155,269,"Japan Society for Bioscience, Biotechnology, and Agrochemistry",3249,18521
69,233,American Society of Clinical Oncology (ASCO),18993,18423
141,945,IWA Publishing,3962,18310
654,2580,AOSIS,29,18191
921,4068,National Institute of Standards and Technology (NIST),4,18123
311,1560,Indiana University Press,499,18066
237,294,"Science China Press., Co. Ltd.",1028,17530
615,1861,Bangladesh Journals Online (JOL),40,17145
129,81,European Respiratory Society (ERS),5193,16859
338,1643,Association for Computational Linguistics (ACL),393,16816
216,358,Intellect,1254,16677
1059,846,Ceramic Society of Japan,1,16442
167,1699,Transportation Research Board,2655,16229
834,1290,University of Arizona,8,16052
137,2364,Japan Institute of Heterocyclic Chemistry,4326,15861
600,910,Mathematical Sciences Publishers,45,15690
94,36,American Society for Pharmacology & Experimental Therapeutics (ASPET),10238,15651
219,298,"Society of Polymer Science, Japan",1223,15542
293,252,Environmental Health Perspectives,599,15510
786,4694,Sciencedomain International,11,15144
524,4035,Diva Enterprises Private Limited,86,15033
751,5371,Science and Engineering Research Support Society,14,14874
990,332,Japanese Pharmacological Society,2,14829
438,2549,PAGEPress Publications,158,14696
174,2032,Botanical Society of America,2417,14397
158,181,Schweizerbart,3167,14256
89,260,The Haworth Press,12368,14156
268,1939,University of Wisconsin Press,762,13808
511,4913,Magnolia Press,94,13724
143,576,Society for the Study of Reproduction,3927,13700
128,1604,American Educational Research Association (AERA),5321,13552
1128,3029,International Monetary Fund,1,13497
330,1936,Uspekhi Fizicheskikh Nauk (UFN) Journal,429,13215
496,5465,Gutersloher Verlaghaus,102,12544
125,7437,IOS Press,5555,12234
205,860,Society for Sedimentary Geology,1457,12139
198,7149,Mineralogical Society,1566,11951
415,2321,American Institute of Mathematical Sciences (AIMS),193,11919
168,93,Springer Fachmedien Wiesbaden GmbH,2628,11622
148,460,American Fisheries Society,3488,11569
166,1312,American Journal of Science (AJS),2665,11534
533,4802,Verlag Dr. Otto Schmidt,78,11510
1035,2180,Institute of Image Information and Television Engineers,2,11389
1162,1300,CFA Institute,1,11038
953,1928,Practical Action Publishing,3,11019
152,377,Guilford Publications,3271,10969
716,330,Japanese Circulation Society,18,10834
102,1272,American Veterinary Medical Association (AVMA),7773,10766
749,2030,"Peter Lang, International Academic Publishers",14,10746
1156,386,Japan Endocrine Society,1,10699
308,2265,Chinese Journal of Mechanical Engineering,507,10659
192,382,Joule Inc.,1773,10574
928,1670,Nepal Journals Online (JOL),4,10550
372,1822,Centers for Disease Control and Prevention (CDC),322,10432
755,2204,Science Publications,14,10390
1029,622,Tohoku University Medical Press,2,10272
527,3948,GN1 Genesis Network,83,10259
73,828,American Academy of Periodontology (AAP),16096,10257
470,3374,Dustri-Verlgag Dr. Karl Feistle,128,10061
565,3407,ScopeMed International Medical Journal Management and Indexing System,57,9989
844,3552,Canadian Institute of Forestry,6,9899
410,3111,AVES Publishing Co.,205,9801
787,2643,Canadian Mathematical Society,11,9773
886,2924,Universidade Federal de Santa Catarina (UFSC),5,9750
764,3062,Academy and Industry Research Collaboration Center (AIRCC),13,9585
120,1076,American Society for Cell Biology (ASCB),5776,9578
416,426,Equinox Publishing,193,9576
199,2322,Korean Physical Society,1557,9489
448,2673,European Mathematical Publishing House,152,9460
608,4961,"Institute of Physics, Polish Academy of Sciences",42,9365
1071,1029,International Ocean Discovery Program (IODP),1,9197
122,2271,Institutional Investor Journals,5662,9181
566,2923,Korean Chemical Society,57,9075
900,2451,Universidade Estadual de Maringa,5,8771
1144,1692,Japanese Society for Food Science and Technology,1,8762
682,342,Prous Science,24,8621
253,1748,Berghahn Books,846,8593
70,736,American Society of Nephrology (ASN),17970,8574
407,171,Royal College of Surgeons of England,216,8573
226,102,Health Affairs (Project Hope),1169,8542
822,5513,American Concrete Institute,8,8494
1191,3555,Universidade Estadual de Londrina,1,8469
371,165,The Policy Press,327,8455
868,558,World Bank,6,8404
783,3689,Index Copernicus,11,8394
206,11,American Economic Association,1448,8313
1062,4696,The Society of Instrument and Control Engineers,1,8207
254,629,Mohr Siebeck,841,8122
599,3169,Universidad Complutense de Madrid (UCM),45,8061
601,2508,"Institute of Mathematics, Polish Academy of Sciences",44,8042
46,13,American Geophysical Union (AGU),39205,7913
274,1762,Lavoisier,726,7839
589,5142,Techno-Press,49,7787
901,3162,Universidade Federal de Goias,5,7721
664,2558,"Physicians Postgraduate Press, Inc",27,7712
935,6251,Universidad de Costa Rica,3,7600
112,2209,Vilnius Gediminas Technical University,6178,7579
1125,2902,International Press of Boston,1,7574
105,86,FASEB,6750,7571
234,793,Springer Publishing Company,1050,7565
573,2573,The Korean Society of Anesthesiologists (KAMJE),54,7459
490,3819,Kowsar Medical Institute,107,7349
126,2917,NACE International,5378,7310
924,2393,University of Michigan Library,4,7269
124,3223,"Rubber Division, ACS",5591,7243
357,389,Schattauer GmbH,360,7230
1135,1899,The Korean Society of Radiology (KAMJE),1,7159
373,827,Society for the Experimental Analysis of Behavior,319,7106
814,1425,EMW Publishing,9,7101
331,3287,The Pennsylvania State University Press,428,7088
976,4034,UNED - Universidad Nacional de Educacion a Distancia,2,7014
95,2338,American Society for Nutrition,10188,6968
194,2984,Bloomsbury Academic,1655,6953
197,4230,Manchester University Press,1600,6919
150,414,Genetics Society of America,3348,6899
159,790,Seismological Society of America (SSA),3013,6778
717,2927,AOTA Press,18,6693
550,1130,ACTA Press,62,6606
823,253,Project Euclid,8,6525
411,1485,International Association for Bridge and Structural Engineering (IABSE),205,6402
870,3964,Centre for Evaluation in Education and Science (CEON/CEES),6,6332
149,3082,IBM,3434,6296
275,2029,Cognizant Electronic Publishing,717,6287
212,42,British Editorial Society of Bone & Joint Surgery,1387,6253
1090,5394,Akshantala Enterprises Private Limited,1,6198
1141,2215,Research Publishing Services,1,6178
811,5164,Yale University Press,9,6176
469,1449,Frontiers in Bioscience,130,6138
641,632,Crop Science Society of Japan,33,6100
878,4268,Asian Pacific Organization for Cancer Prevention,5,6049
246,4415,Wildlife Disease Association,884,5947
980,5033,Purdue University (bepress),2,5945
854,634,Modern Language Association (MLA),6,5931
340,1214,American Bryological and Lichenological Society,392,5929
569,2443,Cleveland Clinic Journal of Medicine,55,5929
227,4418,American Podiatric Medical Association,1145,5827
1101,6225,Co. Ltd. Ukrinformnauka,1,5795
774,4911,Science Publishing Group,12,5781
123,1112,American Accounting Association,5641,5776
869,3380,Fordham University Press,6,5775
134,222,American Association for Clinical Chemistry (AACC),4649,5751
115,597,Entomological Society of America,6055,5659
90,2641,"Future Science, LTD",12160,5617
119,162,Royal Pharmaceutical Society,5776,5600
720,3683,Asian Australasian Association of Animal Production Societies,18,5509
849,3614,Polish Botanical Society,6,5457
281,2587,"Institute for Computer Sciences, Social Informatics and Telecommunications Engineering (ICST)",685,5433
261,3673,University of Illinois Press,802,5417
1186,3394,Sciedu Press,1,5400
1170,438,Anthropological Society of Nippon,1,5339
1181,3242,"Macrothink Institute, Inc.",1,5315
665,2758,Genetics and Molecular Research,27,5276
241,2098,MyJove Corporation,972,5244
618,3102,University of North Carolina Press (publisher),39,5153
351,4359,Columbia University Press,371,5087
628,7216,Society for Applied Anthropology,36,5050
430,2258,Pensoft Publishers,166,5021
294,1355,Oceanside Publications Inc.,595,4944
1072,6336,eSAT Publishing House,1,4920
319,3261,"Wichtig Publishing, SRL",470,4895
138,1785,Science Reviews 2000 LTD,4280,4886
559,3786,Publishing House Technologija,59,4881
434,3061,Termedia Sp. z.o.o.,161,4874
182,635,Zhejiang University Press,2238,4848
245,1183,Acta Dermato-Venereologica,902,4792
781,1898,Korean Academy of Medical Sciences (KAMJE),11,4788
1167,418,Osterreichische Akademie der Wissenschaften,1,4764
477,2058,Rocky Mountain Mathematics Consortium,124,4654
796,3157,Global Science & Technology Forum Pte Ltd.,10,4653
472,3779,University of Minnesota Press,128,4612
183,612,Weed Science Society,2200,4574
214,5471,Transcript Verlag,1310,4542
153,1756,American Society of Neuroradiology (ASNR),3269,4533
177,894,American Society of Health System Pharmacists,2369,4533
948,2056,The Korean Society of Food Science and Nutrition,3,4446
668,3180,Amsterdam University Press,27,4310
741,4507,IACSIT Press,15,4292
510,2811,Journal of Clinical Research of Pediatric Endocrinology,94,4289
1173,3749,University Press of Florida,1,4230
223,2652,Harvard University Press,1173,4215
289,8859,Wageningen Academic Publishers,644,4208
1142,2524,The Korean Society of Cardiology (KAMJE),1,4198
259,63,Clay Minerals Society,809,4190
915,3826,MECS Publisher,4,4141
712,3460,"LookUs Bilisim, Ltd.",19,4022
165,1220,American Society of Parasitologists,2680,4004
710,5360,Asian Journal of Chemistry,19,3973
903,1901,Yonsei University College of Medicine (KAMJE),4,3921
99,638,Alphamed Press,8922,3912
731,3595,VM Media SP. zo.o VM Group SK,16,3904
130,2262,The Journal of Rheumatology,5074,3888
449,2620,"Libertas Academica, Ltd.",151,3865
154,183,Society for Leukocyte Biology,3257,3812
172,1602,Society of Nuclear Medicine,2473,3795
333,4601,JCDR Research and Publications,416,3776
679,327,IM Publications,24,3730
689,3277,Hamad bin Khalifa University Press (HBKU Press),23,3721
624,5186,Oriental Scientific Publishing Company,37,3687
160,187,Society of Rheology,2997,3677
107,1394,Journal of Orthopaedic & Sports Physical Therapy (JOSPT),6491,3661
376,1987,Royal College of General Practitioners,311,3659
113,225,American Association of Pharmaceutical Scientists (AAPS),6090,3649
341,1302,Oncology Nursing Society (ONS),392,3595
236,1856,Ferrata Storti Foundation (Haematologica),1031,3595
184,1054,International Phycological Society,2136,3542
451,4434,Cornell University Press,150,3519
1123,2859,The Korean Institute of Electrical and Electronic Material Engineers,1,3512
473,4257,AMSUS,126,3509
914,6689,Academy of Science of South Africa,4,3487
646,271,Japanese Society of Breeding,32,3479
1108,1893,Korean Ophthalmological Society (KAMJE),1,3479
881,2709,King Abdulaziz University Scientific Publishing Centre,5,3476
693,6146,Universidad Nacional de Colombia,22,3456
265,3478,EManuscript Services,773,3382
1103,524,Japan Society of Plasma Science and Nuclear Fusion Research,1,3355
801,525,Pesticide Science Society of Japan,10,3322
777,4947,International Scientific Literature,12,3294
803,1010,JMIR Publications Inc.,9,3255
754,4425,Health and Medical Publishing Group,14,3249
190,2795,American Society of Tropical Medicine and Hygiene,1930,3232
304,4602,Royal College of Physicians,531,3193
232,1260,Coastal Education and Research Foundation,1078,3170
723,2869,Editora Cubo Multimidia,17,3154
98,379,American Marketing Association (AMA),9175,3140
829,3677,Australasian Medical Publishing Co. Pty Ltd. (AMPCo),8,3138
700,3748,Purdue University Press,21,3126
772,112,Institute of Southeast Asian Studies,12,3093
348,2653,AACE Corp (American Association of Clinical Endocrinologists),375,3088
218,848,Zoological Society of Japan,1252,3086
225,1070,Scientific Journal Publishers Ltd,1171,3080
255,1212,American Association of Avian Pathologists (AAAP),837,3068
442,4137,Ivyspring International Publisher,156,3040
750,1529,Mathematical Society of Japan (Project Euclid),14,3020
186,1243,Radiation Research Society,2082,3003
314,560,American Cleft Palate Association,490,2995
458,3713,Modern Humanities Research Association,146,2971
382,2086,Beilstein Institut,284,2942
455,3042,The Scientific and Technological Research Council of Turkey,148,2889
968,5903,Organic Syntheses,3,2884
838,2986,University of South Florida Libraries,7,2821
326,2208,American Astronomical Society,438,2815
975,993,Japan Academy,2,2812
631,4374,"eLife Sciences Organisation, Ltd.",36,2798
1091,6380,"Publishing House for Science and Technology, Vietnam Academy of Science and Technology",1,2767
1044,2481,The Korean Academy of Tuberculosis and Respiratory Diseases (KAMJE),2,2750
711,2838,Academy Publisher,19,2746
563,5425,University Press of Mississippi,57,2741
202,1745,Museum and Institute of Zoology at the Polish Academy of Sciences,1480,2735
175,2671,Mathematical Association of America,2393,2718
1030,6672,The University of Kansas,2,2716
991,5391,American Nuclear Society,2,2696
972,1484,"Mathematical Institute, Tohoku University",2,2660
826,3570,Baycinar Tibbi Yayincilik,8,2634
575,143,Michigan Mathematical Journal,53,2623
767,3229,"Scandinavian Journal of Work, Environment and Health",13,2623
1022,3951,Scientific and Academic Publishing,2,2600
836,2270,Korean Association of Internal Medicine,7,2579
684,4171,Element d.o.o.,23,2556
503,3665,American Journal of Pharmaceutical Education,100,2503
280,2471,AACN Publishing,686,2482
1067,4792,Mendel University Press,1,2458
880,4443,PeerJ,5,2447
432,900,Japanese Society for the Study of Xenobiotics,164,2431
1130,2525,International Microelectronics and Packaging Society (IMAPS),1,2428
240,223,American Association on Intellectual and Developmental Disabilities (AAIDD),975,2424
1025,3172,Logos Medical Publication (Logos Yayincilik Tic. A.S.),2,2424
286,130,Thomas Land Publishers,668,2421
1047,4876,Wildlife Information Liaison Development Society,1,2411
889,4870,Pan African Medical Journal,5,2395
211,2149,Telos Press,1397,2394
830,3895,British Academy,8,2384
852,335,Japanese Society for Hygiene,6,2367
692,5546,"Biology Centre, AS CR",22,2363
262,527,International Society of Endovascular Specialists,799,2357
879,4570,Institute of Molecular Biology and Genetics (NAS Ukraine),5,2341
748,2638,"AEPress, s.r.o.",14,2334
1185,3367,National Association of Geoscience Teachers,1,2306
368,3896,GSE Research Limited,334,2289
961,1595,"Tokyo Institute of Technology, Department of Mathematics",3,2273
435,1305,WHO Press,161,2259
1027,2774,Europa Digital & Publishing,2,2252
1093,1063,Jornal de Pediatria,1,2235
318,3990,National Council of Teachers of Mathematics,472,2213
251,1442,Swiss Chemical Society,863,2207
310,1228,Florida Entomological Society,503,2187
1148,2371,International Association of Online Engineering (IAOE),1,2160
239,3554,International Union Against Tuberculosis and Lung Disease,976,2159
428,123,Japan Radiation Research Society,172,2154
164,75,Earthquake Engineering Research Institute,2711,2146
296,2059,MultiMed Inc.,594,2139
339,1658,American Board of Family Medicine (ABFM),393,2134
475,2725,Global Science Press,126,2124
292,79,EMBO,620,2122
337,1234,Humboldt Field Research Institute,400,2118
276,1213,American Association of Zoo Veterinarians,709,2111
178,3520,American Academy of Orthopaedic Surgeons,2368,2100
208,1218,American Society of Ichthyologists and Herpetologists (ASIH),1439,2084
176,1403,American Physical Therapy Association (APTA),2384,2067
1106,6154,Gem-A,1,2053
771,3846,Masaryk University Press,13,2046
973,1193,Association for the Advancement of Medical Instrumentation (AAMI),2,2041
1136,1900,Korean Society for Parasitology,1,2035
655,4795,The Higher Education Academy,29,2029
687,1809,Vittorio Klostermann GMBH,23,2027
698,887,Informa UK (Informa Life Sciences),21,2024
638,2421,Physics Essays Publication,34,1990
147,191,Swets & Zeitlinger Publishers,3501,1978
820,6036,RWS Verlag GmbH,8,1973
891,2427,Japanese Society for Dental Materials and Devices,5,1946
288,2359,The Econometric Society,656,1946
839,2125,Korean Journal of Optics and Photonics,7,1945
1190,3531,The Institute of Electronics Engineers of Korea,1,1941
400,739,British Institute of Non-Destructive Testing (BINDT),237,1921
743,2574,Mammal Research Institute,15,1917
283,1251,Wilson Ornithological Society,682,1915
1052,4991,Binary Information Press,1,1913
671,352,UPV/EHU Press,27,1911
443,1807,White Horse Press,155,1910
390,3364,American Society of International Law,261,1896
284,2062,Mineralogical Association of Canada,680,1894
982,3658,The Oceanography Society,2,1883
498,2046,Journal of Chinese Integrative Medicine Press,101,1882
307,1225,Cooper Ornithological Society,507,1859
1155,3816,Instituto Nacional de Investigacion y Tecnologia Agraria y Alimentaria (INIA),1,1853
247,1122,"Decker, Inc.",881,1851
171,164,Pion Ltd,2498,1851
1008,4444,Instituto Nacional de Salud (Colombia),2,1840
323,421,The Society for the Study of Evolution,460,1838
804,3461,Palacky University Olomouc,9,1835
161,242,CABI Publishing,2901,1823
207,1164,The Angle Orthodontist (EH Angle Education & Research Foundation),1447,1809
661,2883,"Medicina Oral, S.L.",28,1803
925,2048,University of California Agriculture and Natural Resources (UC ANR),4,1794
802,3222,Growing Science,10,1791
1081,1160,Nihon University School of Dentistry,1,1752
936,3442,Korean Society for Biochemistry and Molecular Biology - BMB Reports,3,1744
759,1522,University of Veterinary and Pharmaceutical Sciences,14,1737
554,1543,American School of Classical Studies at Athens (ASCSA),61,1734
320,1,Annals of Family Medicine,467,1734
553,2595,The Korean Urological Association (KAMJE),61,1730
867,5210,International Journal of Pharmaceutical Sciences and Research,6,1727
187,2863,International Association for Food Protection,2075,1720
425,119,Japanese Society of Hypertension,178,1716
1041,2537,Editions NecPlus,2,1715
808,1911,Aerospace Medical Association,9,1685
163,2694,Daedalus Enterprises,2883,1660
531,5920,American Registry of Professional Animal Scientists,79,1654
433,3280,American Animal Hospital Association,162,1649
1049,4951,International Journal of Biosciences,1,1627
707,3462,Acta Physica Polonica B Editorial Office,19,1624
279,5777,VLDB Endowment,692,1607
1143,2218,Australian Museum,1,1603
708,1761,Estonian Academy Publishers,19,1595
329,2488,American Helicopter Society,434,1593
269,1217,American Ornithologists' Union,749,1561
345,1364,WARC Limited,382,1548
846,4753,Kafkas University,6,1547
1070,4832,Editorial Pontificia Universidad Javeriana,1,1540
291,4759,University of Pennsylvania Press,633,1492
387,1973,Institute of Noise Control Engineering (INCE),265,1486
965,1892,Korean Neurosurgical Society (KAMJE),3,1477
780,1739,The Society for Free Radical Research Japan,11,1476
342,1249,University of Notre Dame,389,1473
934,5024,Scientific Publishing Center,3,1473
706,3456,Canadian Urological Association Journal,20,1469
157,1188,Operative Dentistry,3185,1454
346,3213,"Mycotaxon, Ltd.",378,1452
560,2222,Journal of Infection in Developing Countries,59,1449
686,4304,International AIDS Society,23,1441
244,1224,Coleopterists Society,903,1432
1020,4000,Japanese Society of Tea Science and Technology,2,1429
512,737,Journal of Rehabilitation Research & Development,93,1425
899,2937,Korean Dermatological Association and The Korean Society for Investigative Dermatology (KAMJE),5,1415
547,3227,University of Nebraska Press,64,1405
1119,2816,The Korean Magnetics Society,1,1405
815,1897,Korean Pediatric Society (KAMJE),9,1401
179,434,American Academy of Implant Dentistry,2332,1400
1102,5236,UNS Solo,1,1398
439,412,Carden Jennings Publishing Co.,158,1394
637,2560,"Faculty of 1000, Ltd.",34,1392
299,2884,"American Society of Limnology and Oceanography, Inc.",569,1390
625,4553,Progress IPS,37,1388
221,1245,Society for the Study of Amphibians and Reptiles,1204,1386
478,1659,Marshfield Clinic Research Foundation,123,1385
725,4353,James Nicholas Publishers,17,1384
1036,2174,Korean Society for Internet Information (KSII),2,1377
200,2217,Mycological Society of America,1518,1371
502,2088,Archaeological Institute of America,100,1368
231,282,Multi-Science Publishing Co. Ltd.,1105,1367
1107,4649,Grand Valley State University Libraries,1,1350
718,3657,Associated Professional Sleep Societies (APSS),18,1350
1165,4110,The Korean Institute of Power Electronics,1,1348
422,1235,International Mountain Society (IMS) and United Nations University,180,1342
715,4186,"Faculty of Mathematics, Computer Science and Econometrics, University of Zielona Gora",18,1342
1076,5618,"Department of Mathematics, Hokkaido University",1,1313
932,2172,Tokyo Journal of Mathematics,4,1305
765,5840,International Society for Phytocosmetic Sciences,13,1294
875,5043,"Frontline Medical Communications, Inc.",5,1285
397,4036,PNG Publications,247,1283
266,1566,National Shellfisheries Association,767,1271
657,3979,"EMH Swiss Medical Publishers, Ltd.",29,1250
675,4980,Alliance for Children and Families,26,1244
1046,6456,AcademicPres (EAP) Publishing House,1,1239
499,270,Journal of Marine Research/Yale,101,1232
481,3601,"Association for Slavic, East European, and Eurasian Studies",118,1228
1050,4977,Engineering and Technology Publishing,1,1227
392,1255,Southwestern Association of Naturalists,260,1221
911,6895,Czech Academy of Agricultural Sciences,4,1218
353,3906,Archives of Pathology and Laboratory Medicine,367,1212
1153,3140,IBIMA Publishing,1,1205
633,4874,Quintessence Publishing,36,1198
1168,4260,National and University Library of the Republic of Srpska,1,1198
882,4385,Universidad de los Andes,5,1197
888,3751,Gemological Institute of America,5,1193
1122,2856,Journal of Graduate Medical Education,1,1187
209,575,American Society of Plant Taxonomists,1428,1179
316,1250,Waterbird Society,477,1169
1031,2194,"SIGMA (Symmetry, Integrability and Geometry: Methods and Application)",2,1168
812,4935,Pakistan Journal of Medical Sciences,9,1163
169,3780,The Journal of AOAC International,2583,1158
574,1846,Royal Irish Academy,54,1158
955,2494,The Korean Orthopaedic Association (KAMJE),3,1155
905,2997,Korean Academy of Periodontology (KAMJE),4,1153
938,3744,The American University in Cairo Press,3,1152
321,432,Now Publishers,464,1151
904,1835,Periodica Polytechnica Budapest University of Technology and Economics,4,1150
1069,5007,University of Tartu Press,1,1149
328,5468,American Society for Photogrammetry and Remote Sensing,437,1147
513,1710,American Peanut Research and Education Society,92,1141
537,6221,National Institute for Health Research,74,1138
543,2463,Marine Technology Society,67,1138
1043,1967,Regional Euro-Asian Biological Invasions Centre Oy (REABIC),2,1138
739,2057,Szczecinskie Towarzystwo Naukowe,15,1137
222,4613,American Institute of Ultrasound in Medicine,1202,1130
1074,5727,"Charles University in Prague, Karolinum Press",1,1128
1024,2888,Korean Society of Environmental Engineering,2,1123
1077,4644,Royal Zoological Society of New South Wales,1,1117
257,2013,Missouri Botanical Garden Press,826,1108
1133,1895,Korean Society for Laboratory Medicine (KAMJE),1,1101
666,4413,World Literature Today,27,1094
1018,1894,Korean Society of Otorhinolaryngology-Head and Neck Surgery (KAMJE),2,1089
303,1204,Society for Pediatric Pathology (SPP),538,1083
1061,7281,The Journal of Clinical Pediatric Dentistry,1,1081
863,1941,Leibniz-Institute for Psychology Information (ZPID),6,1079
260,1208,Laser Institute of America,804,1079
509,5328,Wayne State University Press,94,1078
918,3851,International Digital Organization for Scientific Information (IDOSI),4,1078
1146,2301,Omnia Publisher SL,1,1074
334,1231,Institute of Arctic and Alpine Research (INSTAAR),415,1071
714,4350,Journal of Applied Pharmaceutical Science,18,1059
644,3656,American Academy of Sleep Medicine (AASM),32,1058
1182,3246,Universidad de la Sabana,1,1057
916,2724,Taiwan Association for Aerosol Research,4,1056
315,5931,International Seed Testing Association,487,1055
988,5280,"Horizon Research Publishing Co., Ltd.",2,1044
966,2954,Korean Cancer Association,3,1043
892,5135,ISER Publications,5,1043
270,1864,Royal Swedish Academy of Sciences,748,1041
958,5452,Czech Technical University in Prague - Central Library,3,1035
312,1211,American Arachnological Society,497,1034
861,3129,Finnish Academy of Science and Letters,6,1025
1007,4487,Clinical Laboratory Publications,2,1022
514,1706,"Department of Polymer Engineering, Scientific Society of Mechanical Engineering",92,1019
1158,3887,Sociedad Argentina de Pediatria,1,1016
658,433,Research Information Ltd.,29,1013
864,4092,Fundacao Faculdade de Medicina,6,1006
807,1378,DAAAM International,9,1003
1176,3613,The Institute for Research and Community Services (LPPM) ITB,1,1003
959,2619,Atlantic Geology,3,1001
379,2087,American Academy of Audiology,296,1000
551,259,Guttmacher Institute,61,987
909,336,Japanese Society of Microbial Ecology,4,986
785,121,Japanese Society of Toxicologic Pathology,11,986
360,2137,S. Hirzel Verlag,354,985
769,2169,Italian Society of Sivilculture and Forest Ecology (SISEF),13,979
406,4844,Systematic and Applied Acarology Society,216,978
301,1569,The American Mosquito Control Association,552,978
297,428,Laser Pages Publishing Ltd.,589,976
1097,6329,American Research Institute for Policy Development,1,969
528,1942,Botanic Garden & Botanical Museum Berlin-Dahlem BGBM,82,968
564,2216,International Medical Press,57,954
384,2625,American Society of Consultant Pharmacists,276,954
350,3726,Finnish Zoological and Botanical Publishing Board,372,946
760,911,Japanese Society of Tropical Medicine,14,941
721,5258,Nofer Institute of Occupational Medicine,18,941
956,2567,Korean Diabetes Association (KAMJE),3,937
398,5289,Pluto Journals,245,932
1157,3864,Society of American Foresters,1,932
662,1726,Bernoulli Society for Mathematical Statistics and Probability,28,930
1184,3291,Yerkure Tanitim ve Yayincilik Hizmetleri,1,930
1028,2676,The Korean Surgical Society (KAMJE),2,925
388,2435,National Taiwan University,263,918
121,1015,Morgan & Claypool Publishers LLC,5686,918
930,4152,Saint Petersburg State Polytechnical University,4,918
215,310,Westburn Publishers,1255,915
1147,2309,Pravni Fakultet Sveucilista u Zagrebu (Law School of the University of Zagreb),1,914
267,430,American Society for Photobiology,765,914
507,1721,"Men's Studies Press, LLC",96,913
775,4705,Petra Christian University,12,896
613,2422,"Annals of Mathematics, Princeton U",41,892
358,1741,American Entomological Society,357,888
1009,4708,The Permanente Press,2,887
306,4989,International Association for Plant Taxonomy,510,878
1151,3088,Turkish Neurological Society,1,867
403,1073,Pontificia Universidad Catolica de Valparaiso,225,857
923,4420,Chemical Science Transactions,4,857
768,4497,American Osteopathic Association,13,857
642,2248,ID Design 2012/DOOEL Skopje,33,845
701,3750,"Resilience Alliance, Inc.",21,843
651,1752,Medical Library Association,31,839
954,2483,Korean Breast Cancer Society (KAMJE),3,838
378,1337,Soil and Water Conservation Society,300,835
663,1616,Agricultural History Society,28,835
1054,5862,Prague Development Center,1,834
1058,8491,SciDoc Publishers LLC,1,828
1193,3567,Turkish Society of Cardiology,1,827
691,1858,Croatian Medical Journal,22,827
728,4612,Canadian Periodical for Community Studies,17,826
798,862,The Feinstein Institute for Medical Research (North Shore LIJ Research Institute),10,822
359,1222,Association of Avian Veterinarians (AAV),354,822
278,229,American Museum of Natural History (BioOne sponsored),693,821
1000,3840,Western Journal of Emergency Medicine,2,815
235,1230,Herpetologists League,1040,810
420,2109,Osterreichische Pharmazeutische Gesellschaft (OPhG),186,793
426,384,Commonwealth Forestry Association,177,783
630,4716,"Faculty of Food and Agriculture, United Arab Emirates University",36,782
457,1982,Western North American Naturalist,147,778
1048,4946,Singapore Medical Journal,1,772
1096,5089,Enviro Research Publishers,1,766
302,1568,Cactus and Succulent Society of America,538,756
536,1209,Society for Imaging Science & Technology,76,754
683,2907,Oman Medical Journal,24,753
336,3209,"Museum National d'Histoire Naturelle, Paris, France",404,752
603,4442,University of Texas Press,44,752
1140,2119,Korean Endocrine Society (KAMJE),1,750
519,1932,The Korean Institute of Metals and Materials,87,749
356,404,BioOne,362,747
946,961,Cornell Laboratory of Ornithology,3,743
619,5556,Michigan State University Press,39,728
742,2611,The Korean Society of Pathologists and The Korean Society for Cytopathology,15,726
295,2557,Journal of Athletic Training/NATA,595,724
821,2506,The Korean Society of Applied Pharmacology,8,717
1092,6226,Universidad de Navarra,1,716
399,1154,Japanese Society of Allergology,239,715
978,3808,Dicle Medical Journal/Dicle Tip Dergisi,2,715
695,526,Aquatic Mammals Journal,21,714
896,2621,Instituto de Pesquisas Ambientais em Bacias Hidrograficas (IPABHi),5,712
941,1798,E-MED LTD,3,712
364,1229,Helminthological Society,347,712
851,3349,The Korean Academy of Conservative Dentistry (KAMJE),6,709
610,2257,Lawrence and Wishart,42,702
366,4628,EDAA,341,700
895,5737,NeuroQuantology Journal,5,699
792,5308,Veterinary World,10,690
797,3952,Mycobiology (KAMJE),10,688
1126,2998,The Korean Society of Neurogastroenterology and Motility,1,677
1039,2687,ACTA Endocrinologica Foundation,2,675
676,2517,Australasian Medical Journal (AMJ),26,671
1084,5786,Uluslararasi Insan Bilimleri Dergisi,1,669
963,2849,Korean Neuropsychiatric Association (KAMJE),3,666
913,3724,Editorial Office of Chinese Journal of Cancer,4,657
515,2084,Naturalis Biodiversity Center,91,652
1094,5853,Progressive Science Publications,1,652
640,4721,International College of Surgeons,33,647
361,1914,"The Raptor Research Foundation, Inc.",352,646
872,2482,The Korean Academy of Prosthodontics (KAMJE),5,641
1002,4927,Bogucki Wydawnictwo Naukowe,2,640
1134,1896,Korean Pain Society (KAMJE),1,638
647,2002,"Institute of Systematics and Evolution of Animals, Polish Academy of Sciences",32,635
962,2844,The Society of Laparoendoscopic Surgeons,3,633
504,4213,Society for American Archaeology,99,627
349,1429,Kansas Entomological Society,375,623
437,1949,Natural Areas Journal,159,621
1012,4255,Our Dermatology Online,2,619
598,3542,International Research and Cooperation Association for Bio & Socio-Sciences Advancement (IRCA-BSSA),45,617
542,3109,European Journal of Chemistry,69,608
1139,2040,Fundacao Educational de Ituverava,1,608
1111,2669,"The Korean Academy of Asthma, Allergy and Clinical Immunology and The Korean Academy of Pediatric Al",1,607
887,2957,The Korean Nutrition Society and The Korean Society of Community Nutrition (KAMJE),5,606
380,2357,Society of Southwestern Entomologists,288,603
521,116,Japanese Society of  Mammalian Ova Research,87,601
1114,2707,Turkish Journal of Fisheries and Aquatic Sciences,1,600
1004,4565,"Butler University, Irwin Library",2,595
596,5273,Societa Geologica Italiana,46,590
611,1715,Dietitians of Canada,41,588
1138,1975,Korean Society of Coloproctology (KAMJE),1,587
459,2718,"Polska Akademia Nauk Instytut Paleobiologii (Institute of Paleobiology, Polish Academy of Sciences)",144,584
1124,2870,Stefan cel Mare University of Suceava,1,582
740,4515,The Antioch Review,15,581
405,1743,Torrey Botanical Society,220,580
832,2171,Digital Science Press (Urotoday International Journal),8,577
986,3481,Korean Academy of Rehabilitation Medicine (KAMJE),2,575
468,1564,Wildlife Biology,131,574
943,4059,Archives of Plastic Surgery (KAMJE),3,573
1178,1524,Japan Laser Processing Society,1,572
482,538,Johnson Matthey,118,570
732,1848,Chinese Geoscience Union,16,566
429,2824,Entomological Society of Washington,170,565
609,1261,Castanea,42,564
626,5826,Methodist DeBakey Cardiovascular Journal,37,558
730,3158,Indian Academy of Neurosciences,16,557
355,5133,Asian Pacific Journal of Tropical Medicine Press,364,557
690,3268,Association for the Study of African American Life and History (ASALH),23,554
747,3443,National League for Nursing,15,553
969,3166,Korean Continence Society,3,553
492,818,Conservation International,105,551
919,5051,Hong Kong Academy of Medicine Press,4,550
593,1648,California Botanical Society,47,549
1034,6124,Slovak University of Agriculture in Nitra,2,549
847,3888,Medwave Estudios Limitada,6,544
1051,1030,Geophysical Center of the Russian Academy of Sciences,1,539
1112,2675,Norwegian Society of Automatic Control,1,535
546,913,Alexandrine Press,64,535
362,1247,Society of Wetland Scientists,351,534
964,2886,The Korean Society of Mycology,3,530
853,3359,Oregon Historical Society,6,530
414,2396,Entomological Society of Southern Africa,194,520
1175,3644,"Department of Mathematics, Kyungpook National University",1,519
876,2370,College Publishing,5,517
568,2706,The Korean Physiological Society and The Korean Society of Pharmacology (KAMJE),55,517
413,1571,The Biological Society of Washington,196,516
1120,2594,The Korean Association of Immunobiologists (KAMJE),1,514
344,6175,Polish Information Processing Society PTI,382,512
529,4550,American Oriental Society,80,509
831,2350,Korean Society for Preventive Medicine,8,504
862,2274,Grupo Comunicar,6,501
1095,633,Lamaze International,1,500
1001,2887,The Korean Society of Phycology,2,500
705,3200,Historical Society of Pennsylvania,20,500
412,1619,Mammalogical Society of Japan,199,499
855,5911,HARD Publishing Company,6,497
495,1236,Kansas Academy of Science,103,492
910,3491,Faculty of Mechanical Engineering,4,485
313,1453,Chelonian Conservation and Biology Journal,494,483
685,2554,"Institute of Hematology, Catholic University",23,478
1177,3149,Netherlands Tijdschrift voor Tandheelkunde (NTvT),1,473
497,3581,The American Schools of Oriental Research,102,473
1164,3146,Polish Urological Association,1,469
949,2118,Asian Society of Gynecologic Oncology; Korean Society of Gynecologic Oncology and Colposcopy (KAMJE),3,469
1152,1554,"Research Institute for Mathematical Sciences, Kyoto University",1,463
1154,3961,The Korean Society of Gastrointestinal Endoscopy,1,463
1137,1902,The Korean Association for the Study of the Liver,1,461
843,5628,Texas Heart Institute Journal,7,457
842,3666,Academy of Sciences and Arts of Bosnia and Herzegovina,7,456
894,4317,Global Advances in Health and Medicine,5,450
556,3593,"SF-TH, Inc.",60,440
577,2354,Northwest Scientific Association,53,438
1169,4297,Riga Technical University,1,435
789,3234,Australian Society for the Study of Labour History,11,433
1011,4778,Korean Society of Breeding Science,2,428
1064,6718,Indian National Science Academy,1,423
736,5856,Antiquity Publications,16,422
845,3286,American School Counselor Association,6,421
819,6799,Saudi Medical Journal,8,420
1023,4914,The Mathematical Society of the Republic of China,2,420
409,1215,American Fern Society,210,419
1021,3970,Journal of Experimental and Clinical Medicine,2,418
729,2018,Society for Underwater Technology,17,418
549,1647,New England Botanical Club,63,416
431,1567,Pacific Science,165,415
893,1730,Scientific Web Journals (SWJ),5,414
385,1226,Crustacean Society,275,413
418,2183,Korean Society for Applied Biological Chemistry,189,412
1127,3002,Cevre Koruma ve Arastirma Vakfi,1,410
733,3551,Revista Brasileira de Hematologia e Hemoterapia (RBHH),16,408
1188,3449,The Korean Society of Toxicology,1,407
571,3281,The William and Mary Quarterly,54,404
427,1241,Orthopterists' Society,176,400
309,3692,Asociacion Paleontologica Argentina,506,400
298,3288,American Society for Enology and Viticulture,582,398
1160,3909,ISPACS GmbH,1,398
983,5124,Sciknow Publications,2,397
753,2903,Royal College of Physicians of Edinburgh,14,397
454,1221,Association for Tropical Biology,148,396
933,4095,"Desafio Singular, Lda",3,396
704,3100,Federation of Turkish Pathology Societies,20,393
587,1257,Northwestern Naturalist,49,390
737,3130,VBRI Press AB,16,385
479,2355,Pacific Coast Entomological Society,122,385
1110,2790,The Korean Society of Critical Care Medicine,1,385
401,3210,Netherlands Ornithologists' Union,235,379
476,1223,Association of Field Ornithologists,125,378
1189,3523,Slovenian Society for Stereology and Quantitative Image Analysis,1,377
335,1389,The Paleontological Society of Japan,409,377
939,3684,Korean Carbon Society,3,376
1183,3257,Sociedade Paranaense de Matematica,1,376
1040,7102,Mechanical Engineering Faculty in Slavonski Brod,2,373
840,5153,Egitim Danismanligi ve Arastirmalari (EDAM),7,371
672,1191,American Dental Society of Anesthesiology (ADSA),27,371
856,1203,"Department of Biomedical Imaging, University of Malaya, Malaysia",6,369
480,1161,Ornithological Society of Japan,121,368
957,2578,Journal of Human Sport and Exercise,3,368
585,1951,African Zoology,50,366
971,3333,Indiana Magazine of History,3,365
300,3710,"Parenteral Drug Association, Inc.",568,364
650,2193,"Sapiens Publishing, LTD",31,361
920,2542,Chinese Physiological Society,4,358
643,4885,Croatian Society for Medical Biochemistry and Laboratory Medicine,32,354
548,1256,Beta Beta Biological Society,64,352
488,3303,Bulletin of Marine Science,109,351
1174,3703,Associazione Italiana di Telerilevamento,1,348
1080,6090,Chitkara University Publications,1,347
940,4674,Academy of Taiwan Information Systems Research,3,346
463,1952,Human Biology (The International Journal of Population Biology and Genetics),136,343
660,4732,Bulletin of Chemical Reaction Engineering and Catalysis,29,337
1015,4153,Adam Mickiewicz University (Euclid),2,337
702,5451,Korean Society for Molecular and Cellular Biology,21,337
1078,5645,Oekom Publishers GmbH,1,328
1117,2771,Korean Society of Echocardiography (KAMJE),1,328
898,4306,Fundacio per la Universitat Oberta de Catalunya,5,325
540,3092,American Journal of Comparative Law,71,324
1149,2475,Korean Association of Orthodontists (KAMJE),1,324
981,5064,Revista FSA,2,323
907,4089,Ivanovo State University of Chemistry and Technology,4,323
1055,4840,SRUMB - Romanian Society for Ultrasonography in Medicine and Biology,1,322
444,2061,The Middle East Journal,153,318
421,1606,Harvard University Botany Libraries,185,316
561,4380,Journal of Biomedical Research,59,314
719,1046,Stewart Postharvest Solutions,18,313
659,1871,Cancer Intelligence,29,307
582,1943,"Walsh Medical Media, LLC",51,307
523,1240,New York Entomological Society,86,305
922,2131,International Society for Environmental Information Science (ISEIS),4,305
669,3128,"Classical Association of the Middle West and South, Inc (CAMWS)",27,302
883,825,Society for Biomedical Diabetes Research (SBDR),5,302
649,3527,Croatian Chemical Society,31,299
1042,2780,The Korean Society of Medical Informatics (KAMJE),2,299
555,3072,Botanical Garden Meise,60,295
377,559,International Reading Association,310,289
272,1593,Brazilian Herpetological Society,737,289
584,6179,Society of Conservatoire at Jardin Botaniques de la Ville de Geneve,51,288
645,4142,Universities Federation for Animal Welfare,32,287
465,1592,Society of Ethnobiology,134,281
1163,4093,Africa Magna Verlag,1,281
597,3432,The Industrial Research Institute,45,279
694,4276,Rand Corporation,22,277
673,7738,Georgia Entomological Society,26,277
776,7734,Lepidopterists' Society,12,276
806,3422,The Open University,9,276
467,1264,Ursus,132,275
404,3084,Comparative Politics CUNY,222,274
1145,2224,Korean Society for Therapeutic Radiology and Oncology,1,272
185,1849,American Cancer Society,2082,268
790,3253,Association for Applied Psychophysiology and Biofeedback,10,267
487,4384,Scrivener Publishing,111,265
396,2398,American Malacological Society,247,264
508,3465,Pacific Affairs,96,263
874,3304,Michigan Historical Review,5,261
752,6100,Clujul Medical,14,260
835,4098,Integrated Publishing Association,7,256
605,1565,East African Natural History Society,43,252
1179,3173,"The Korean Society of Pediatric Gastroenterology, Hepatology and Nutrition (KAMJE)",1,250
365,4531,"Adenine Press, Inc.",345,249
489,309,Vathek Publishing,109,249
757,3323,Association for Career and Technical Education Research,14,247
1073,6417,Education Association of South Africa,1,246
652,3711,Natal Museum of South Africa,30,245
612,4815,Institut f.intern.Arch.Dok. GmbH&Co. KG.,41,245
552,3825,"Institute of Geographic Science and Natural Resources Research, Chinese Academy of Sciences",61,244
1192,3564,International Association of Physical Chemists (IAPC),1,243
347,3549,Canadian Aeronautics and Space Institute,377,240
817,1805,Czech Geological Society,9,239
532,3992,The Society of Naval Architects and Marine Engineers,79,239
1013,4225,Kozminski University,2,238
483,2356,Southern African Wildlife Management Association,116,236
1003,4657,The Korea Institute of Applied Superconductivity and Cryogenics,2,235
181,5,American College of Chest Physicians,2271,233
824,4517,Instituto de Investigaciones Oceanologicas,8,232
828,3053,International Journal of Medical Education,8,232
1171,4430,Paris Legal Publishers,1,231
493,5264,Herzogia,104,228
761,7742,University of Puerto Rico at Mayaguez,13,228
738,4690,"Johns Hopkins School Bloomberg School of Public Health, Center for Communication Programs",15,227
724,1843,Specjalisci Dermatolodzy,17,226
865,3040,"New World Publishing International, Inc.",6,226
456,2017,"CAD Solutions, LLC",147,223
816,5331,The International Centre for Trade Union Rights (ICTUR),9,223
993,3185,The Korean Gastric Cancer Association (KAMJE),2,221
1098,5151,Marmara Pharmaceutical Journal,1,221
1159,3903,Global War Studies,1,220
1100,1096,IUCN,1,220
770,1244,Society for Integrative and Comparative Biology,13,218
735,1572,Association for Politics and the Life Sciences,16,218
1063,4713,Korean College of Neuropsychopharmacology,1,217
967,2983,Rambam Health Care Campus,3,217
1113,2679,Korean Society of Epidemiology,1,216
623,2358,Tree-Ring Society,37,213
1068,4814,Griet Publications,1,213
606,3028,OAhost,43,209
699,4269,Society for Computational Design and Engineering,21,205
436,2397,Institute of Malacology,160,205
877,3568,The Korean Society for Brain and Neural Science (KAMJE),5,204
979,3797,The Korean Knee Society (KAMJE),2,201
450,1591,Carnegie Museum of Natural History,151,198
827,4459,Journal of Negro Education,8,198
746,4485,Perspectives of New Music,15,198
960,1199,WormBook,3,197
228,1644,Data Trace Publishing Company,1133,196
813,3942,International Council for Traditional Music,9,196
805,3354,Australian and New Zealand Society of the History of Medicine,9,196
945,2987,Stilus Optimus,3,195
810,5943,Croatian Society of Chemical Engineers/HDKI,9,194
902,3620,Revista ACTA Geografica,5,194
558,1844,RMIT Publishing,60,192
850,3402,"Asia Pacific Association of Allergy, Asthma, and Clinical Immunology (KAMJE)",6,189
491,5263,Ardeola,106,189
1187,3431,Acta Medica Saliniana,1,185
1014,4223,Edinburgh University Global Health Society,2,185
837,3882,Korean Stroke Society,7,184
484,3302,Herpetological Society of Japan,115,184
929,4495,NMFS Publications Office,4,184
1010,4320,Tomas Bata University in Zlin,2,183
1085,5946,Korean Society for Stem Cell Research,1,182
1115,2708,Rhinology,1,182
1045,2853,Ashdin Publishing,2,182
441,1210,Academy of Natural Sciences of Philadelphia,157,182
756,2803,MAFTREE,14,179
667,5804,"Revista Investigaciones Geograficas, Boletin",27,177
944,6121,Romanian Society of Gastroenterology and Hepatology,3,177
762,7072,Slovenian Chemical Society,13,177
1017,4096,Korean Society of Pediatric Endocrinology (KAMJE),2,172
453,4452,"Children, Youth and Environments Center",148,170
557,4617,Phoenix,60,170
1172,4554,Physical Education and Sport Faculty,1,170
541,5262,Arachology,71,169
745,4731,Theta Foundation,15,169
782,1607,Kentucky Academy of Science,11,169
709,3894,Paradigm Publishers,19,166
696,1744,Southern California Academy of Sciences,21,166
995,5675,ALTEX Edition,2,166
1056,7028,Uniwersytet Przyrodniczy w Poznaniu (Poznan University of Life Sciences),1,166
997,5803,The Korean Movement Disorder Society,2,165
620,2016,Journal of the North Atlantic,38,161
656,3569,International Mycological Association (IMA),29,160
1066,6902,Universidad EAFIT,1,157
604,2992,Terrapub,43,157
884,3480,Korean Society for Sexual Medicine and Andrology (KAMJE),5,156
952,5601,Paris Scholar Publishing,3,145
841,2150,Justice Research and Statistics Association,7,142
1116,2752,Programa de Pos Graduacao em Arquitetura e Urbanismo,1,139
987,3435,Centro de Investigaciones Sociologicas,2,138
931,4647,Croatian Interdisciplinary Society,4,138
992,5399,Eastern Group Psychotherapy Society,2,137
1089,5473,Korean Society of Ultrasound in Medicine,1,137
653,5462,Aging and Disease,30,134
1129,2642,Croatian Geological Survey,1,132
917,1334,English Literature in Transition (Project Muse),4,132
196,32,American Society for Clinical Pathology (ASCP),1613,132
636,3707,Cornell SEAP,35,131
544,1948,Bulletin of the Peabody Museum of Natural History,66,129
1065,6922,Association of Basic Medical Sciences of FBIH,1,124
501,3052,Colegio Oficial de Psicologos de Madrid,101,124
617,2353,South Carolina Entomological Society,39,122
674,5245,Society of Glass Technology,26,121
1053,6610,Alzaytoonah University of Jordan,1,121
727,1263,JANAS,17,121
471,1688,Sherborne Gibbs Ltd.,128,119
616,5629,American Association of Textile Chemists and Colorists (AATCC),39,110
1131,4621,The Korean Audiological Society (KAMJE),1,110
506,1742,Field Museum of Natural History,97,109
722,5631,Society for Cultural Anthropology,17,109
452,5302,Harrassowitz Publishing House,150,106
989,3424,Korean Society of Interventional Neuroradiology (KAMJE),2,102
984,5178,"Optimal Clinical, Ltd.",2,101
460,4311,"Astro, Ltd.",139,101
1016,4115,The Korean Society of Menopause (KAMJE),2,100
516,4948,J. Michael Ryan Publishing,88,99
1086,5910,Korean Academy of Preventive Dentistry,1,99
974,1022,National Institute of Informatics (NII),2,94
860,3089,Advanced Research Journals,6,94
591,1618,Herpetological Society of Japan,48,94
703,6436,Society of Biblical Literature/SBL Press,20,92
937,625,Nuclear Receptor Signaling Atlas,3,91
1132,2148,Comparative Cognition Society,1,90
985,5234,Canadian Nuclear Laboratories Limited,2,89
970,7231,Instituto de Quimica - Univ. Federal do Mato Grosso do Sul,3,86
873,4796,International Journal of Optimization and Control: Theories and Applications,5,82
517,2826,Freshwater Biological Association (BioOne sponsored),88,81
461,9318,Power System Technology Press,139,80
885,4790,Leuven University Press,5,78
530,440,Royal College of Obstetricians & Gynaecologists (RCOG),80,78
595,1237,Micropaleontology Press,46,76
977,3822,Digital Journal of Opthalmology,2,72
998,5812,Croatian Journal of Fisheries,2,70
999,5009,"Institute for the Theology of Culture: New Wine, New Wineskins",2,69
1088,5830,"Applied Systems, srl",1,67
809,4822,The Psychological Record,9,66
784,6431,Feminist Studies,11,66
1083,5780,"The Korean Brain Tumor Society, The Korean Society for Neuro-Oncology (KAMJE)",1,65
713,3483,Edentata,19,65
580,1605,"Museum of Comparative Zoology, Harvard University",52,64
1161,3933,Lockwood Press,1,62
1166,4172,Irish Journal of French Studies,1,60
386,2259,International Bee Research Association,274,60
927,5573,Faculty of Veterinary Medicine - Skopje,4,56
111,1287,Ammons Scientific,6188,56
526,1361,University of Zagreb - University Computing Centre,84,55
795,6338,GENES,10,51
858,2154,Stem Book,6,50
1105,5313,Association for the Advancement of Restorative Medicine,1,46
1079,5654,Instituto de Botanica Darwinion (IBODA),1,45
417,5937,"Centauro, SRL",192,45
1006,4535,Istituto Superiore di Sanita,2,40
332,370,Human Factors and Ergonomics Society,425,40
897,5088,Living Reviews,5,40
534,4618,Central European University Press,78,39
635,103,International Bone & Mineral Society,35,33
890,4820,Department of Qur'an and Hadith Studies,5,29
583,1950,Journal of Vector Ecology,51,27
1104,5294,Revista Desarrollo y Sociedad,1,26
1099,5179,Journal of Student Science and Technology,1,26
670,3134,King Faisal Specialist Hospital and Research Centre,27,23
545,1028,International Dose-Response Society,65,21
1087,5905,"Department of Geophysics, Faculty of Science, University of Zagreb",1,12
395,296,Society for In Vitro Biology,249,10
173,989,"Baywood Publishing Company, Inc.",2460,8
766,3410,"Asociacion Mexicana de Comportamiento y Salud, A.C.",13,6
572,1863,J. Ross Publishing Inc.,54,6
586,5338,EBES Aras. Dan Egt. Yayin ve Org (Eurasia Business and Economics Society),50,5
369,23,American Pharmacists Association,330,5
352,1248,University of Arizona Library,371,5
1037,2293,Psychology and Neuroscience,2,4
142,113,International Union of Pure and Applied Chemistry (IUPAC),3958,3
763,4177,Fundacao Otorrinolaringologia,13,2
525,1976,Journal of Great Lakes Research,85,2
229,1219,American Society of Mammalogists (ASM),1132,2
462,1238,National Association of Biology Teachers,138,1
1082,6141,Society of Education,1,1
162,681,Society for Endocrinology,2885,1
1026,2441,Canada-China Clinical Medicine Study Association (CCCMSA),2,1
277,1258,Society for Freshwater Science,697,1
408,1682,Canadian Opthalmological Society,211,0
402,990,"Johnson Graduate School of Management, Cornell University",230,0
389,1563,Ecoscience,262,0
370,429,Cartography and Geographic Information Society (CaGIS),330,0
193,2629,Agricultural Institute of Canada,1697,0
189,2431,CrossRef Test Account,1941,0
1150,2489,National Nanomanufacturing Network,1,0
156,1773,Society for Experimental Biology and Medicine,3189,0
466,2807,College of Occupational Therapists,134,0
447,104,International Centre for Diffraction Data (ICDD),152,0
180,9,Allen Press,2326,0
1180,3182,Northwestern University Press,1,0
367,1095,Symposium Journals,337,0
440,4479,Revista Mexicana de Biodiversidad,157,0
446,1645,Centraalbureau voor Schimmelcultures (CBS),152,0
264,924,Society for Information Display,776,0
201,180,Society for Applied Spectroscopy,1488,0
634,5563,Japan Association for Evolutionary Economics,36,0
648,2769,"West China College of Stomatology, Sichuan University Press",32,0
680,3494,Sociedad Colombiana de Anestesiologia y Reanimacion (SCARE),24,0
951,1687,Emerging Health Threats Forum CIC,3,0
230,1246,Society of Vertebrate Paleontology,1116,0
947,2582,Primary Care Respiratory Society UK,3,0
697,1227,EUCC - The Coastal Union,21,0
942,4797,Bulent Ecevit University,3,0
726,4233,National Science Museum of Korea,17,0
734,1324,"Radiology Case Reports, University of Washington",16,0
290,1239,New York Botanical Garden,642,0
912,290,The Society of Protozoologists,4,0
908,149,Notre Dame Journal of Formal Logic,4,0
242,1216,American Institute of Biological Sciences,963,0
248,2804,American Journal of Health Promotion,872,0
773,2686,Entomological Society of America (Arthropod Management Tests),12,0
778,4480,Indian Journal of Medical Specialties,12,0
779,2337,Turk Ortopedi ve Travmatologi Dernegi (Acta Orthopaedica et Traumatologica),12,0
282,3117,E-Content Management,685,0
788,4512,Russell Sage Foundation,11,0
791,3203,"Society for Social Work and Research, Inc.",10,0
794,3107,Ottawa United Learning Academy,10,0
799,2539,"Cases Network, Ltd.",10,0
252,1265,Wildlife Society,854,0
271,3497,Verlag der Zeitschrift fuer Naturforschung,742,0
825,1498,Foundation for Cellular and Molecular Medicine,8,0
857,5112,Asian Pacific Prostate Society,6,0
833,3704,Korean Society for Exercise Nutrition,8,0
263,1242,Paleontological Society,794,0
848,2852,Bogor Agricultural University,6,0
639,1113,Association for Vascular Access,34,0
994,5669,Society of Urologic Nurses and Associates (SUNA),2,0
485,1233,International Association for Vegetation Science,113,0
996,3079,The Korean Society of Ginseng,2,0
1121,2817,Southern Economic Association,1,0
1118,2777,University of Plymouth,1,0
354,4491,"Boydell & Brewer Group, Ltd.",366,0
135,1492,M. E. Sharpe Inc.,4622,0
505,3950,RNCSB Organization,98,0
518,3471,Korean Nuclear Society,88,0
535,973,Association for Symbolic Logic,76,0
538,3457,"Diagnosis Press, Ltd.",72,0
539,2896,Canadian Water Resources Association,72,0
1060,7459,Universa Medicina,1,0
217,344,"Society for Biotechnology, Japan",1252,0
578,4608,Brookings Institution Press,52,0
327,536,Neoplasia Press,438,0
581,6017,Tusi Mathematical Research Group,51,0
1038,6206,Gruppo Italiano Frattura,2,0
220,1483,Bellwether  Publishing,1206,0
588,315,Association of Learned and Professional Society Publishers (ALPSP),49,0
1033,2261,Journal of Advances in Modeling Earth Systems (JAMES),2,0
1032,2240,Medical Education Online,2,0
324,177,Royal Swedish Academy of Sciences,456,0
592,3453,"Occupational Safety and Health Research Institute, KOSHA (KAMJE)",47,0
594,3344,Sustainable Building Research Center,47,0
602,3735,"Institute of Oceanology, Polish Academy of Sciences",44,0
1019,4013,American Academy of Cosmetic Surgery,2,0
614,1153,Japanese Breast Cancer Society,41,0
621,1597,Center for Psychiatric Rehabilitation,38,0
622,3023,Turkish National Committee for Air Pollution and Control (TUNCAP),37,0
629,907,National Association for Business Economics,36,0
632,2841,North American Journal of Medical Sciences,36,0
607,25,Applied Probability Trust,42,0
